Total Time,Question Number,Your Answer,Correct Answer,Time Used
Section 1,,,,
0:00:03.048239,1,1,1,0:00:03.048239
0:00:05.312993,2,3.,1,0:00:02.264754
Section 2,,,,
0:00:13.648495,3,1,1,0:00:08.335502
0:00:15.416944,4,1,1,0:00:01.768449
Section 3,,,,
0:00:19.616248,5,2,1,0:00:04.199304
Sections,Score,Time used,,
Section 1,1,0:00:05.312993,,
Section 2,2,0:00:10.103951,,
Section 3,0,0:00:04.199304,,
Total,3,0:00:19.616248,,
