Total Time,Question Number,Your Answer,Correct Answer,Time Used
Section 1,,,,
0:00:00.431588,1,1,1,0:00:00.431588
0:00:00.881380,2,2,32,0:00:00.449792
Section 2,,,,
0:00:01.928060,3,4,3,0:00:01.046680
0:00:05.408605,4,1,1,0:00:03.480545
Section 3,,,,
0:00:09.240725,5,3,4,0:00:03.832120
Sections Score,,,,
Section 1,1,0:00:00.881380,,
Section 2,1,0:00:04.527225,,
Section 3,0,0:00:03.832120,,
Total Score,2,,,
