Total Time,Question Number,Your Answer,Correct Answer,Time Used
0:00:00.744239,1,4,1,0:00:00.744239
0:00:01.249290,1,4,2,0:00:00.505051
0:00:02.857805,2,4,3,0:00:01.608515
0:00:03.352695,2,4,4,0:00:00.494890
Sections Score,,,,
Section 1,1,,,
Section 2,0,,,
Total Score,1,,,
