Total Time,Question Number,Your Answer,Correct Answer,Time Used
0:00:00.584045,1,1,1,0:00:00.584045
0:00:01.158937,2,2,1,0:00:00.574892
0:00:03.423674,3,3,3,0:00:02.264737
0:00:04.209155,4,1,3,0:00:00.785481
Sections Score,,,,
Section 1,1,,,
Section 2,1,,,
Total Score,2,,,
