Total Time,Question Number,Your Answer,Correct Answer,Time Used
Section 1,,,,
0:00:06.032737,1,1,6,0:00:06.032737
0:00:10.873322,2,6,,0:00:04.840585
Section 2,,,,
0:00:16.337750,3,7,7,0:00:05.464428
0:00:22.233454,4,8,8,0:00:05.895704
0:00:27.153198,5,1,1,0:00:04.919744
Sections Score,,,,
Section 1,0,,,
Section 2,3,,,
Total Score,3,,,
